{
    "parameters": {
        "out_path": "/mnt/d",
        "cpu": "1",
        "force": "True",
        "restart": "False",
        "quiet": "False",
        "download_path": "/mnt/d/busco_downloads",
        "datasets_version": "odb10",
        "offline": "False",
        "download_base_url": "https://busco-data.ezlab.org/v5/data/",
        "auto-lineage": "False",
        "auto-lineage-prok": "False",
        "auto-lineage-euk": "False",
        "use_augustus": "False",
        "use_miniprot": "True",
        "use_metaeuk": "False",
        "skip_bbtools": "False",
        "batch_mode": "False",
        "tar": "False",
        "opt-out-run-stats": "False",
        "in": "/mnt/d/data/out/temp_fasta/GVA-H-22-1061-002_hap2.v1.fa",
        "out": "data/out/busco_results/GVA-H-22-1061-002_hap2.v1",
        "mode": "euk_genome_min",
        "lineage_dataset": "/mnt/d/busco_downloads/lineages/embryophyta_odb10",
        "main_out": "data/out/busco_results/GVA-H-22-1061-002_hap2.v1",
        "lineage_results_dir": "run_embryophyta_odb10",
        "domain": "eukaryota",
        "orthodb_version": "10.1",
        "contig_break": "10",
        "scaffold_composition": "False",
        "gene_predictor": "miniprot"
    },
    "lineage_dataset": {
        "name": "embryophyta_odb10",
        "creation_date": "2024-01-08",
        "number_of_buscos": "1614",
        "number_of_species": "50"
    },
    "versions": {
        "hmmsearch": 3.1,
        "bbtools": "39.01",
        "miniprot_index": "0.13-r248",
        "miniprot_align": "0.13-r248",
        "python": [
            3,
            9,
            19,
            "final",
            0
        ],
        "busco": "5.7.1"
    },
    "results": {
        "one_line_summary": "C:96.5%[S:94.9%,D:1.6%],F:1.1%,M:2.4%,n:1614,E:4.2%",
        "Complete percentage": 96.5,
        "Complete BUSCOs": 1558,
        "Single copy percentage": 94.9,
        "Single copy BUSCOs": 1532,
        "Multi copy percentage": 1.6,
        "Multi copy BUSCOs": 26,
        "Fragmented percentage": 1.1,
        "Fragmented BUSCOs": 17,
        "Missing percentage": 2.4,
        "Missing BUSCOs": 39,
        "n_markers": 1614,
        "avg_identity": 