{
    "parameters": {
        "out_path": "/mnt/d",
        "cpu": "1",
        "force": "True",
        "restart": "False",
        "quiet": "False",
        "download_path": "/mnt/d/busco_downloads",
        "datasets_version": "odb10",
        "offline": "False",
        "download_base_url": "https://busco-data.ezlab.org/v5/data/",
        "auto-lineage": "False",
        "auto-lineage-prok": "False",
        "auto-lineage-euk": "False",
        "use_augustus": "False",
        "use_miniprot": "False",
        "use_metaeuk": "False",
        "skip_bbtools": "False",
        "batch_mode": "False",
        "tar": "False",
        "opt-out-run-stats": "False",
        "in": "/mnt/d/data/out/gff3_protein_fastas/GVA-H-22-1061-002_hap1.v1_helixer_proteins.fasta",
        "out": "data/out/busco_results/GVA-H-22-1061-002_hap1.v1_helixer_proteins",
        "mode": "proteins",
        "lineage_dataset": "/mnt/d/busco_downloads/lineages/embryophyta_odb10",
        "main_out": "data/out/busco_results/GVA-H-22-1061-002_hap1.v1_helixer_proteins",
        "lineage_results_dir": "run_embryophyta_odb10",
        "domain": "eukaryota",
        "orthodb_version": "10.1"
    },
    "lineage_dataset": {
        "name": "embryophyta_odb10",
        "creation_date": "2024-01-08",
        "number_of_buscos": "1614",
        "number_of_species": "50"
    },
    "versions": {
        "hmmsearch": 3.1,
        "python": [
            3,
            9,
            19,
            "final",
            0
        ],
        "busco": "5.7.1"
    },
    "results": {
        "one_line_summary": "C:97.7%[S:95.5%,D:2.2%],F:1.1%,M:1.2%,n:1614",
        "Complete percentage": 97.7,
        "Complete BUSCOs": 1578,
        "Single copy percentage": 95.5,
        "Single copy BUSCOs": 1542,
        "Multi copy percentage": 2.2,
        "Multi copy BUSCOs": 36,
        "Fragmented percentage": 1.1,
        "Fragmented BUSCOs": 18,
        "Missing percentage": 1.2,
        "Missing BUSCOs": 18,
        "n_markers": 1614,
        "avg_identity": null,
        "domain": "eukaryota",
        "internal_stop_codon_count": 0,
        "internal_stop_codon_percent": 0
    }
}